pathway,expected_direction,observed_mean
Antigen_Presentation,-1.0,-0.0017743116477504373
IFNG,-1.0,-0.0014102790737524629
TGF_beta,1.0,0.0013867368688806891
WNT,1.0,0.00014440702216234058
"Overall (Pearson r, p)",0.9322117207932706,0.06778827920672947
