axis,ligand,receptor,n_pairs,mean_delta,median_delta,p_exact,q_bh
CXCL12/CXCR4,CXCL12,CXCR4,3,0.3888272478178372,0.2234421492796673,0.5,0.6666666666666666
SPP1/INTEGRIN,SPP1,ITGAV,3,8.711065281275046,0.2689185274886157,0.75,0.75
TGFB1/TGFBR,TGFB1,TGFBR1,3,0.26386713332229733,0.13073621587644849,0.5,0.6666666666666666
VEGFA/KDR,VEGFA,KDR,3,0.36353378611234777,0.4987093033035585,0.5,0.6666666666666666
