axis,n_pairs,mean_dWASR,median_dWASR,p_sign,fdr_bh
CXCL12/CXCR4,3,-0.14773990956192803,-0.09853144682948689,1.0,
SPP1/INTEGRIN,3,0.1332674794326151,0.12036000417963422,0.25,
TGFB1/TGFBR,3,-0.01587435373322695,-0.056442306898488726,1.0,
VEGFA/KDR,3,-0.1288451588053102,-0.08026850937236008,0.25,
